{
  "lang":"en",
  "name":"pipeline",
  "version":"0.0.0",
  "spacy_version":">=3.4.1,<3.5.0",
  "description":"",
  "author":"",
  "email":"",
  "url":"",
  "license":"",
  "spacy_git_version":"Unknown",
  "vectors":{
    "width":0,
    "vectors":0,
    "keys":0,
    "name":null,
    "mode":"default"
  },
  "labels":{
    "tok2vec":[

    ],
    "ner":[
      "GER",
      "LOC",
      "NUM",
      "NUM_GLOB",
      "NUM_PERS",
      "ORG",
      "PART",
      "PERS",
      "PRENOM",
      "RUE",
      "SPATIAL",
      "STATUT",
      "VILLE",
      "VOIE"
    ]
  },
  "pipeline":[
    "tok2vec",
    "ner"
  ],
  "components":[
    "tok2vec",
    "ner"
  ],
  "disabled":[

  ],
  "performance":{
    "ents_f":0.9759267464,
    "ents_p":0.9737695255,
    "ents_r":0.9780935465,
    "ents_per_type":{
      "NUM":{
        "p":0.9937106918,
        "r":0.9859594384,
        "f":0.9898198904
      },
      "SPATIAL":{
        "p":0.9858156028,
        "r":0.8853503185,
        "f":0.932885906
      },
      "PERS":{
        "p":0.9326315789,
        "r":0.9714912281,
        "f":0.9516648765
      },
      "VILLE":{
        "p":0.9898167006,
        "r":0.983805668,
        "f":0.9868020305
      },
      "VOIE":{
        "p":0.9956521739,
        "r":1.0,
        "f":0.9978213508
      },
      "RUE":{
        "p":0.9783549784,
        "r":0.9826086957,
        "f":0.9804772234
      },
      "NUM_PERS":{
        "p":0.9934354486,
        "r":0.9978021978,
        "f":0.9956140351
      },
      "STATUT":{
        "p":0.954954955,
        "r":0.9636363636,
        "f":0.9592760181
      },
      "ORG":{
        "p":0.7142857143,
        "r":0.8108108108,
        "f":0.7594936709
      },
      "GER":{
        "p":0.9736842105,
        "r":1.0,
        "f":0.9866666667
      },
      "LOC":{
        "p":0.9661016949,
        "r":0.95,
        "f":0.9579831933
      },
      "PRENOM":{
        "p":0.4444444444,
        "r":0.8,
        "f":0.5714285714
      },
      "NUM_GLOB":{
        "p":0.1428571429,
        "r":0.3333333333,
        "f":0.2
      },
      "PART":{
        "p":1.0,
        "r":1.0,
        "f":1.0
      }
    },
    "tok2vec_loss":344.9717203233,
    "ner_loss":168.7390135581
  }
}