{
  "lang":"en",
  "name":"pipeline",
  "version":"0.0.0",
  "spacy_version":">=3.4.1,<3.5.0",
  "description":"",
  "author":"",
  "email":"",
  "url":"",
  "license":"",
  "spacy_git_version":"Unknown",
  "vectors":{
    "width":0,
    "vectors":0,
    "keys":0,
    "name":null,
    "mode":"default"
  },
  "labels":{
    "tok2vec":[

    ],
    "ner":[
      "GER",
      "LOC",
      "NUM",
      "NUM_GLOB",
      "NUM_PERS",
      "ORG",
      "PART",
      "PERS",
      "PRENOM",
      "RUE",
      "SPATIAL",
      "STATUT",
      "VILLE",
      "VOIE"
    ]
  },
  "pipeline":[
    "tok2vec",
    "ner"
  ],
  "components":[
    "tok2vec",
    "ner"
  ],
  "disabled":[

  ],
  "performance":{
    "ents_f":0.9831410825,
    "ents_p":0.9822695035,
    "ents_r":0.9840142096,
    "ents_per_type":{
      "NUM":{
        "p":0.9953125,
        "r":0.9937597504,
        "f":0.9945355191
      },
      "SPATIAL":{
        "p":0.985915493,
        "r":0.8917197452,
        "f":0.9364548495
      },
      "PERS":{
        "p":0.9568034557,
        "r":0.9714912281,
        "f":0.9640914037
      },
      "VILLE":{
        "p":0.9918864097,
        "r":0.9898785425,
        "f":0.990881459
      },
      "VOIE":{
        "p":0.9934782609,
        "r":0.9978165939,
        "f":0.9956427015
      },
      "RUE":{
        "p":0.9849137931,
        "r":0.9934782609,
        "f":0.9891774892
      },
      "NUM_PERS":{
        "p":0.9934354486,
        "r":0.9978021978,
        "f":0.9956140351
      },
      "STATUT":{
        "p":0.9642857143,
        "r":0.9818181818,
        "f":0.972972973
      },
      "ORG":{
        "p":0.7777777778,
        "r":0.9459459459,
        "f":0.8536585366
      },
      "GER":{
        "p":1.0,
        "r":1.0,
        "f":1.0
      },
      "LOC":{
        "p":0.9830508475,
        "r":0.9666666667,
        "f":0.974789916
      },
      "PRENOM":{
        "p":0.5,
        "r":0.6,
        "f":0.5454545455
      },
      "NUM_GLOB":{
        "p":1.0,
        "r":0.3333333333,
        "f":0.5
      },
      "PART":{
        "p":1.0,
        "r":1.0,
        "f":1.0
      }
    },
    "tok2vec_loss":366.3814488562,
    "ner_loss":262.64415375
  }
}